IMF,Approx_ML_ratio
Salpeter,0.8908565735506383
Kroupa,1.0552171546262294
Chabrier,1.1259790684465658
