IMF,KS_D,KS_p
Salpeter,0.2010943780879474,0.0
Kroupa,0.2906658755418455,0.0
Chabrier,0.31942573562176857,0.0
