IMF,ReturnFraction,LockedMassDensity_Toy
Salpeter,-1.1175395654986717,0.26464202807863163
Kroupa,-0.05216586888777597,0.13149568204266515
Chabrier,0.22385511224331622,0.09699963132940079
